token,title,publish_date,city,district,url,description,mileage,year_raw,color,brand_model,third_party_insurance,Gearbox_type,Gearbox_condition,fuel_type,asking_price_raw,engine_condition,chassis_condition,body_condition,vehicle_type,asking_price,mileage_km,year_jalali,year_gregorian
gaXCf1Cr,شروع ثبت نام تویوتا الیت نیو فیس,2026-09-02 13:19:00,تهران,پاسداران,https://divar.ir/v/gaXCf1Cr,"ثبت نام تویوتا کرولا الیت 
رنگ بندی سفید/ مشکی 
پرداخت مستقیم از طریق لینک برای شرکت 
بدون هزینه ی اضافی 
فرصتی مناسب برای سرمایه گذاری و مصرف",۰,۲۰۲۶,سفید,تویوتا کرولا هیبرید 1800 لیتر الیت,۱۲ ماه,اتوماتیک,سالم و پلمپ,هیبرید,"‏۱,۰۰۰,۰۰۰ تومان",سالم,سالم و پلمپ,سالم و بی‌خط و خش,,1000000.0,0.0,1405.0,2026.0
gaB9DbWD,تویوتا لندکروز تعداد VXR 2025_2026,2026-06-28 19:12:00,تهران,نیاوران,https://divar.ir/v/gaB9DbWD,"❌ تک فروشی نداریم ❌

تویوتا لندکروز  VXR
توئین توربو

سفید و مشکی
سفارش عمان

تعداد از 5 تا به بالا 

قیمت داخل مارون متفاوت است 
پلاک ملی شده

❌ فروش فقط نقد ❌
ارائه تمکن مالی الزامی میباشد",۰,۲۰۲۶,سفید,تویوتا لندکروزر 4 در 6 سیلندر 3.4 لیتر توربو VXR,,,,بنزین,"‏۱,۰۰۰ تومان",سالم,سالم و پلمپ,سالم و بی‌خط و خش,,1000.0,0.0,1405.0,2026.0
gaJ6EMT3,نیسان جوک,2026-08-22 10:55:00,تهران,جردن,https://divar.ir/v/gaJ6EMT3,"با سـلام 
خــودرو 
 نیسان جوک اسپرت
مدل 2017
فــول ترین حالت ممکن 
با رادار جانبی و رادار نقطـه کـور
و...
تمامـی سرویس ها در نمایندگی انجام شده
و کلیومتر با تاییده نمایندگی 
فنـی و سـواری به شرط
بدون کوچکترین هـزیـنه
خـودرو تک برگ سنـد  و کاملاً بـدون رنگ میباشد
به قیمت گذاشتم 
احتراماً فقط مصرف کننده",۱۲۳۰۰۰,۲۰۱۷,مشکی,نیسان جوک اسپرت,۸ ماه,اتوماتیک,سالم و پلمپ,بنزین,"‏۱۰۰,۰۰۰ تومان",سالم,سالم و پلمپ,سالم و بی‌خط و خش,,100000.0,123000.0,1396.0,2017.0
galmDEiK,خودرو اقساطی با 10 درصد پیش پرداخت,2026-09-12 15:06:00,تهران,فلسطین (میدان انقلاب),https://divar.ir/v/galmDEiK,"خودروی دلخواهت رو با شرایط ویژه اقساطی بخر!

 فقط 10٪ پیش‌پرداخت
 امکان معاوضه خودرو به‌جای بخشی از پیش‌پرداخت
 خودروهای صفر و کارکرده
✨ شرایط اقساطی متنوع

فرقی نمی‌کنه دنبال چه خودرویی باشی؛
شرایطت رو بفرست تا کارشناسان ما راهنماییت کنن. 

 برای دریافت مشاوره، این موارد رو ارسال کن:
 نام و نام خانوادگی:
 شماره تماس:
 خودرو موردنظر:

 همکاران ما در اسرع وقت با شما تماس می‌گیرند.",۰,۱۴۰۵ - ۲۰۲۶,سفید,سمند سورن ELX,,,,بنزین,"‏۱,۰۰۰ تومان",سالم,سالم و پلمپ,سالم و بی‌خط و خش,,1000.0,0.0,1405.0,2026.0
QaSabvI_,BAC X3 - تحویل فوری 1404 - کراس اور,2026-02-17 11:09:00,تهران,قیام,https://divar.ir/v/QaSabvI_,"⚜نمایندگی رسمی کرمان موتور رفیعی نیا کد 1762⚜

خودرو داخل نمایندگی موجود است
ثبت قرارداد رسمی در نمایندگی کرمان موتور
⚡تحویل روز و نقدی
بشرط کارشناس خریدار
✅سند و مدارک اماده انتقال
✅بدون هزینه اضافی و کمیسیون
✅صفر خشک 

⭐با خرید این خودرو، معامله‌ای امن، مطمئن و معتبر را تجربه خواهید کرد.
-----------------------------------------------------------------------
ادرس نمایندگی :
خیابان هفده شهریور(میدان شهدا به سمت میدان خراسان) - پایین تر از پل آهنگ - نرسیده به بلوارقیام - پلاک 818

پشتیبان : خانم نجفی

جهت اطلاعات بیشتر با کارشناسان ما در ارتباط باشید.",۰,۲۰۲۵,سفید,بی ای سی ایکس 3 پرو,۱۲ ماه,اتوماتیک,سالم و پلمپ,بنزین,"‏۱۰۰,۰۰۰ تومان",سالم,سالم و پلمپ,سالم و بی‌خط و خش,,100000.0,0.0,1404.0,2025.0
gaK8bjfR,کی ام سی ایگل_ KMC EAGLE _ 1405,2026-05-18 10:58:00,تهران,قیام,https://divar.ir/v/gaK8bjfR,"نمایندگی رسمی کرمان موتور 
رفیعی نیا 

حواله نمایندگی رسمی کرمان موتور
تحویل خودرو فوری 
مدل خودرو :1405 و 1404
قیمت قطعی
ثبت قرارداد رسمی در نمایندگی کرمان موتور
بدون کمیسیون و هزینه اضافی
محدوده :شرق ( 17 شهریور )

پشتیبان : خانم نجفی

جهت کسب اطلاعات بیشتر با همکاران ما در ارتباط باشید.",۰,۱۴۰۵ - ۲۰۲۶,سفید,کی ام سی ایگل 1.5 لیتر بنزینی,۱۲ ماه,اتوماتیک,سالم و پلمپ,بنزین,"‏۱۰,۰۰۰ تومان",سالم,سالم و پلمپ,سالم و بی‌خط و خش,,10000.0,0.0,1405.0,2026.0
gaPeD13L,تویوتا کمری هیبرید LE ژاپن ۲۰۲۵ ترخیص ۲۰۲۶,2026-08-26 22:34:00,تهران,سعادت آباد,https://divar.ir/v/gaPeD13L,"خودرو تویوتا کمری هیبرید ۲۰۲۵ 
شخصی وارد شده رنگ خاص نوک مدادی ژاپن
کیفیت رانندگی نرم و عالی
کیفیت قطعات و مونتاژ عالی
بسیار کم مصرف و با دوام
با آپشن های کارخانه ای صندلی پارچه و ...
خودرو شهرستان است و امکان حمل به تهران و هر شهر دیگر وجود دارد
دارای پلاک و سند و کارت و آماده انتقال
بیمه ثالث
گارانتی از امروز شروع شد.",۰,۲۰۲۵,نوک مدادی,تویوتا Camry hybrid 2.5L Limited,,,,هیبرید,"‏۱۰,۰۰۰ تومان",سالم,سالم و پلمپ,سالم و بی‌خط و خش,,10000.0,0.0,1404.0,2025.0
gaoi_uCq,آیدی یونیکس الترا و پیور صفر 2025 idunyx,2026-09-15 11:20:00,تهران,زرگنده,https://divar.ir/v/gaoi_uCq,"✅اتو مدیران :انتخابی مطمئن  فردایی بهتر 
فروش تخصصی محصولات وارداتی ماموت خودرو  ومدیران خودرو ،کرمان 
و بهمن خودرو
##موجود در رنگ‌های مختلف##
 ◀️ فروش ب صورت نقد و اقساط ▶️ 
✅کارشناسی خودرو قبل از تسویه 
✅تحویل خودرو همزمان با تسویه
✅طرح تعویض خودروهای کارکرده با صفر
✅خودرو بر رایگان 
✅کارشناسی رایگان و رویت خودرو قبل از تحویل
✅شرایط اقساط متنوع ۱ تا۶۰ ماه
✅امکان تسویه زود تر از موعد
✅برای اطلاعات بیشتر تماس بگیرید 

ارادتمند اصلانی
***

آدرس:شریعتی خیابان ظفر
(دستگردی)
پلاک ۳۲ اتو مدیران",۰,۲۰۲۵,آبی,فولکس ID Unyx 06 Ultra,۱۲ ماه,اتوماتیک,سالم و پلمپ,برق,"‏۱,۰۰۰ تومان",سالم,سالم و پلمپ,سالم و بی‌خط و خش,,1000.0,0.0,1404.0,2025.0
gagKyN7Y,تویوتا کمری ۲۰۲۴ فول ، پرمیوم ادیشن چین,2026-09-08 18:27:00,تهران,زعفرانیه,https://divar.ir/v/gagKyN7Y,"فول امکانات با هدآپ 
 سند و مدرک اماده و شخصی",۱۰۰۰,۲۰۲۴,سفید,تویوتا Camry hybrid premium edition 2.5L,۱۲ ماه,اتوماتیک,سالم و پلمپ,بنزین,"‏۱,۰۰۰ تومان",سالم,سالم و پلمپ,سالم و بی‌خط و خش,,1000.0,1000.0,1403.0,2024.0
gaoi_Mjd,پروتونGen2 مدل ۱۳۸۹سند دست اول فوق سالم کم کارکرد,2026-09-15 11:18:00,تهران,شهران شمالی,https://divar.ir/v/gaoi_Mjd,"وضعیت سند: تک‌برگ سند (سند دست اول از کمپانی، آماده انتقال قطعی در محضر)
کارکرد: ۱۸۰,۰۰۰ کیلومتر واقعی به شرط کارشناسی دیاگ (خودرو چند سال در پارکینگ مسقف خواب بوده است)
وضعیت بدنه: به دلیل زیبایی و حساسیت بالا به تازگی دوررنگ شده با بهترین متریال و کیلر آلمانی باکیفیت و براقیت فوق‌العاده. سقف، ستون‌ها، شاسی‌های جلو و عقب کاملاً پلمپ، دست‌نخورده و بدون ضربه.
وضعیت فنی: موتور، گیربکس، زیربندی و سیستم تعلیق در ایده‌آل‌ترین وضعیت ممکن. بدون یک ریال خرج مصرفی یا فنی.
توضیحات تکمیلی: داخل کابین بسیار تمیز، ادوات برقی کاملاً فعال و سالم.
خانگی",۱۸۰۰۰۰,۲۰۱۰,مسی,پروتون جن تو دنده ای,,دنده‌ای,سالم و پلمپ,بنزین,"‏۸۹۵,۰۰۰ تومان",سالم,سالم و پلمپ,دوررنگ,,895000.0,180000.0,1389.0,2010.0
gaoiPAjp,بیجینگ ایکس 7 1405,2026-09-15 11:17:00,تهران,چوب تراش,https://divar.ir/v/gaoiPAjp,"✅گروه خودرویی ستوده
✅تخصصی ترین مرجع خرید و فروش خودرو در کشور✅
نمایندگی رسمی ماموت خودرو
✅خرید مستقیم از نمایندگی بدون واسطه
❌دفتر فروش نیستیم❌ بدون هزینه اضافی
✅بیجینگ ایکس 7
✅مدل 1405
✅رنگ بندی | سفید 
✅تحویل فوری 
✅جهت اطلاعات بیشتر تماس بگیرید",۰,۲۰۲۶,سفید,بایک Beijing X7,۱۲ ماه,اتوماتیک,سالم و پلمپ,بنزین,"‏۱,۰۰۰ تومان",سالم,سالم و پلمپ,سالم و بی‌خط و خش,,1000.0,0.0,1405.0,2026.0
gag6OdDf,پراید ،معاوضه ،مشاوره خریدار ،تصادفی,2026-09-09 09:02:00,تهران,پرستار,https://divar.ir/v/gag6OdDf,بالاترین قیمت از ما بگیرید تسویه لحظه ایی خریدار انواع تصادفی,۵۵۰۰۰,۱۳۸۸ - ۲۰۰۹,سفید,پراید 132 ساده,۳ ماه,دنده‌ای,,بنزین,"‏۸۵,۰۰۰,۰۰۰ تومان",سالم,,تصادفی,,85000000.0,55000.0,1388.0,2009.0
gaoe_o79,پژو تیوفایو402,2026-09-15 11:16:00,تهران,شادآباد,https://divar.ir/v/gaoe_o79,"کارکرد 67500
بیمه تاج برج 8
بیمه بدنه",۶۷۵۰۰,۱۴۰۲ - ۲۰۲۳,سفید,پژو پارس LX TU5,۳ ماه,دنده‌ای,سالم و پلمپ,بنزین,"‏۲۱,۰۰۰,۰۰۰ تومان",سالم,سالم و پلمپ,سالم و بی‌خط و خش,,21000000.0,67500.0,1402.0,2023.0
gaoeP2h8,حواله سمند سورن پلاس xu7p تحویل یه ماهه,2026-09-15 11:16:00,تهران,شهرآرا,https://divar.ir/v/gaoeP2h8,"حواله آماده است
و تحویلش هم زیر یک ماهه ست
قیمت کارخانه ش هست یک و هفتصد و بیست و پنج
آماده محضر و اتتقال
بالاترین پیشنهاد فروخته می شود",۰,۱۴۰۵ - ۲۰۲۶,سفید,سمند سورن پلاس XU7P بنزینی,,,,بنزین,"‏۱,۰۰۰ تومان",تعیین‌نشده,تعیین‌نشده,سالم و بی‌خط و خش,,1000.0,0.0,1405.0,2026.0
ga3IaiAL,ساینا اس S تکسوز _ دوگانهGx_ اتومات صفر فول 1405,2026-06-21 12:06:00,تهران,تهرانسر شرقی,https://divar.ir/v/ga3IaiAL,":کارشناس فروش 

☎️ خانم توکلی ☎️

⚜️ صـداقـت مـا اعـتبـار مـاسـت ⚜️
لطفاً توجه بفرمایید قیمت اعلامی ما به شما قطعی و واقعی می باشد و در مجموعه ما به هیچ عنوان برای جذب مشتری قیمـت کاذب داده نـمیشـود ‌.

◀️ امکان رویت و کارشناسی خودرو قبل از هرگونه پرداختی 
◀️ تحویل خودرو آنی و مستقیم از اداره تحویل سایپا
◀️ هنگام خرید هیچگونه تغییر قیمت نخواهید داشت بدون هزینه های جانبی اعم از کمیسیون ، مالیات ، عوارض و...

⬇️ خودروی فوق دارای آپشن‌های شرکتی زیر میباشد :

⭐ پارس خودرویی ، رینگ اسپرت
⭐ استاندارد 85 گانه ، سنسور باد ، موتور ارتقا یافته 
⭐ فرمون D ، صفحه کیلومتر جدید
⭐ قفل مرکزی با ریموت کنترل ، صندوق پران
⭐ 4 شیشه و آینه های جانبی برقی
⭐ سوییچ تاشو ، دریچه گاز برقی 
⭐ سنسور پارک دنده عقب 
⭐ دیلایت و اتولایت 

✅ فروش نقدی ، صفر خشک ، سند آزاد
✅ یکسال بیمه شخص ثالث
✅ 3 سال گارانتی تا 60 هزار کیلومتر 
✅ یکسال بیمه بدنه با 70% تخفیف

ساعت تماس : 9 صبح الی 21
☎️( خانم توکلی )☎️

آدرس: تهرانسر _ انتهای بلوار گلها سر 65متری فتح ـ ابتدای ورودی پارکینگ گلها _ سمت چپ { سریر خودرو }",۰,۱۴۰۵ - ۲۰۲۶,سفید,ساینا GX,۱۲ ماه,دنده‌ای,سالم و پلمپ,دوگانه‌سوز شرکتی,"‏۱,۰۰۰ تومان",سالم,سالم و پلمپ,سالم و بی‌خط و خش,,1000.0,0.0,1405.0,2026.0
gamaFwVu,هایما اس ۷ پرو صفر نقد و اقساطی,2026-09-13 11:41:00,تهران,عباس آباد,https://divar.ir/v/gamaFwVu,"*تجارت خودرو مهدی زاده*

⭐️معتبر ترین شرکت و کارگزار رسمی بانک در فروش انواع خودرو داخلی و وارداتی ️ 
✅ شرایط اقساط آزاد و بانکی
✅تحویل فوری خودرو
✅شروع اولین قسط ۶۰ روز پس از تحویل خودرو 
✅فروش انواع خودرو های صفر و کارکرده 
✅بیمه بدنه 
✅سند به نام 
❌الویت با افرادی است که زودتر اقدام به سفارش کنند ❌",۰,۱۴۰۵ - ۲۰۲۶,سفید,هایما S7 Pro 1.5 لیتر توربو,,,,بنزین,"‏۱۱,۰۰۰ تومان",تعیین‌نشده,تعیین‌نشده,سالم و بی‌خط و خش,,11000.0,0.0,1405.0,2026.0
gauomiBw,خودرو تویوتا LE ال کمری 2_500 چین _صفر تحویل آنی,2026-06-14 12:17:00,تهران,عباس آباد,https://divar.ir/v/gauomiBw,"⚪️⚪️⚪️⚪️⚪️⚪️ فـروش محصولات ⚪️⚪️⚪️⚪️⚪️⚪️
       ⚪️⚪️داخلـی⚪️⚪️مونتـاژ⚪️⚪️وآرداتـی⚪️⚪️
________________________________________________
⚪️⚪️⚪️تحـویل درجـا همان لحظــه ✔️✔️✔️
⚪️⚪️⚪️با ۲۰ سـال سابقـه کاری درخشــان ✔️✔️✔️
⚪️⚪️⚪️تحویـل خودرو با ضمانــت بهتریـن کارشناس‌هـا✔️
⚪️⚪️⚪️امکان عقـد قرارداد با شـرکـت‌ها و ارگان‌هـا✔️
═════════════════════════════════
جهـت اطلاع و مشــاوره
با کارشناس فروش ما درتماس باشید، خانوم منتظـری➡️
═════════════════════════════════
⚪️⚪️⚪️دوستان درصورت عدم پاسخ گویی کارشناس═══
⚪️⚪️⚪️به صورت حضوری مراجعه فرمایید ═════
⚪️⚪️⚪️ساعات مراجعه: ۹ صبح الی ۷ عصر═════════
⚪️
⚫️⚫️⚫️⚫️آدرس: تهران ایستگاه متـرو بهشتی══════
⚫️⚫️⚫️⚫️روبه‌روی پارکینگ مصلای امـام خمینـی═══
⚫️⚫️⚫️⚫️پلاکــ ۲۹۶ اتـوگالری 8️⃣ هشـت════════
⬅️⬅️⬅️⬅️داخل نشان و بلد⬅️ اتوگالری 8 هشت
═════════════════════════════════",۰,۲۰۲۵,سفید صدفی,تویوتا,۹ ماه,اتوماتیک,سالم و پلمپ,بنزین,"‏۱,۰۰۰ تومان",سالم,سالم و پلمپ,سالم و بی‌خط و خش,,1000.0,0.0,1404.0,2025.0
gamiFBN1,آریزو ۶ جی تی صفر نقد و اقساطی,2026-09-13 11:41:00,تهران,عباس آباد,https://divar.ir/v/gamiFBN1,"*تجارت خودرو مهدی زاده*

⭐️معتبر ترین شرکت و کارگزار رسمی بانک در فروش انواع خودرو داخلی و وارداتی ️ 
✅ شرایط اقساط آزاد و بانکی
✅تحویل فوری خودرو
✅شروع اولین قسط ۶۰ روز پس از تحویل خودرو 
✅فروش انواع خودرو های صفر و کارکرده 
✅بیمه بدنه 
✅سند به نام 
❌الویت با افرادی است که زودتر اقدام به سفارش کنند ❌",۰,۲۰۲۶,مشکی,فونیکس آریزو 6 جی تی (Z6 GT),,,,بنزین,"‏۱۱,۰۰۰ تومان",تعیین‌نشده,تعیین‌نشده,سالم و بی‌خط و خش,,11000.0,0.0,1405.0,2026.0
gaqIpqLS,تویوتا وایلندر سفید صدفی فول پلاس2025 صفر وایدلندر,2026-06-13 10:46:00,تهران,عباس آباد,https://divar.ir/v/gaqIpqLS,"⚪️⚪️⚪️⚪️⚪️⚪️ فـروش محصولات ⚪️⚪️⚪️⚪️⚪️⚪️
       ⚪️⚪️داخلـی⚪️⚪️مونتـاژ⚪️⚪️وآرداتـی⚪️⚪️
________________________________________________
⚪️⚪️⚪️تحـویل درجـا همان لحظــه ✔️✔️✔️
⚪️⚪️⚪️با ۲۰ سـال سابقـه کاری درخشــان ✔️✔️✔️
⚪️⚪️⚪️تحویـل خودرو با ضمانــت بهتریـن کارشناس‌هـا✔️
⚪️⚪️⚪️امکان عقـد قرارداد با شـرکـت‌ها و ارگان‌هـا✔️
═════════════════════════════════
جهـت اطلاع و مشــاوره
با کارشناس فروش ما درتماس باشید، خانوم منتظـری➡️
═════════════════════════════════
⚪️⚪️⚪️دوستان درصورت عدم پاسخ گویی کارشناس═══
⚪️⚪️⚪️به صورت حضوری مراجعه فرمایید ═════
⚪️⚪️⚪️ساعات مراجعه: ۹ صبح الی ۷ عصر═════════
⚪️
⚫️⚫️⚫️⚫️آدرس: تهران ایستگاه متـرو بهشتی══════
⚫️⚫️⚫️⚫️روبه‌روی پارکینگ مصلای امـام خمینـی═══
⚫️⚫️⚫️⚫️پلاکــ ۲۹۶ اتـوگالری 8️⃣ هشـت════════
⬅️⬅️⬅️⬅️داخل نشان و بلد⬅️ اتوگالری 8 هشت
═════════════════════════════════",۰,۲۰۲۵,سفید صدفی,تویوتا,۱۲ ماه,اتوماتیک,سالم و پلمپ,بنزین,"‏۱,۰۰۰ تومان",سالم,سالم و پلمپ,سالم و بی‌خط و خش,,1000.0,0.0,1404.0,2025.0
gaLyvZC2,نیسان وانت اکستندEX دوگانه نقد و اقساط تحویل روز,2026-08-24 11:41:00,تهران,نارمک جنوبی,https://divar.ir/v/gaLyvZC2,"«»«»«» فروش‌ویژه تابستان «»«»«»

*خودرو صفر کیلومتر میباشد*

*تحویل یک ساعته فوری همان روز*

*دارای یکسال بیمه شخص ثالث میباشد*

*اول تحویل خودرو  و بعد تسویه*

*دارای دو سال گارانتی شرکتی میباشد*

*بصورت اقساطی با چک*

*آخرین خروجی کارخانه میباشد*

*دبل چک شده کارخانه و رنگ دوپوششه میباشد*

*امکان تسویه زودتر از موعد همراه با کسر سود*

*هفتاد درصد تخفیف بیمه بدنه *

*شرایط محدود میباشد*

*استعلام قیمت به روز*

«»«» تا دیر نشده ماشین مورد علاقتو‌ بخر «»«»

مشاور شما:
خانم کیا",۰,۱۴۰۴ - ۲۰۲۵,خاکستری,زامیاد Z 24 دوگانه سوز آپشنال,۱۲ ماه,دنده‌ای,سالم و پلمپ,دوگانه‌سوز شرکتی,"‏۱,۱۰۰,۰۰۰ تومان",سالم,سالم و پلمپ,سالم و بی‌خط و خش,,1100000.0,0.0,1404.0,2025.0
ganG-ufV,تارا V4 صفر 1405_نقد و اقساط_تحویل فوری,2026-09-15 11:12:00,تهران,سلسبیل شمالی,https://divar.ir/v/ganG-ufV,"فروش نقدی و اقساطی انواع خودرو های داخلی و خارجی ✅
فقط با دسته چک ✅
بدون ضامن
اقساط۶تا۲۴ماهه ✅
تحویل یک ساعته هم زمان با پیش پرداخت ✅
سندو مدارک بنام خریدار ✅
تنوع در رنگ ✅
پرداخت اقساط هر دو ماه یا هر سه ماه
در صورت نداشتن چک میتوانید از چک شخص دیگری استفاده نمایید ✅
قابل اجرا برای تمامی شهرستانها ✅
پلاک روز، بیمه شخص ثالث، گارانتی ✅ 
تسویه زودتر از موعد با کسر سود ✅ 
جهت کسب اطلاعات بیشتر با شماره
زیر تماس حاصل فرمایید  
((مدیرفروش: خانم علاقمند ))",۰,۱۴۰۵ - ۲۰۲۶,سفید,تارا وی 4 ال ایکس TU5P,۱۲ ماه,اتوماتیک,سالم و پلمپ,بنزین,"‏۱۰۰,۰۰۰ تومان",سالم,سالم و پلمپ,سالم و بی‌خط و خش,,100000.0,0.0,1405.0,2026.0
gaoavEZC,بیجینگ ایکس 7 سفید 1405 تحویل فوری,2026-09-15 11:11:00,تهران,چوب تراش,https://divar.ir/v/gaoavEZC,"❇️گروه خودرویی ستوده❇️
™️مرجع تخصصی خرید و فروش خودرو در کشور™️
فروش تمامی خودروهای وارداتی و مونتاژ و داخلی
بدون دریافت کمیسیون و هزینه اضافی
✅فروش بصورت نقد و اقساط از یکسال تا پنج سال✅
✴️از نمایندگی معتبر خرید کنید دفتر فروش نیستیم✴️
✳️امکان کارشناسی قبل از خرید✳️
بیجینگ ایکس 7
✅مدل 1405
✅سفید 
✅جهت ارتباط و کسب اطلاعات بیشتر از طریق شماره تماس با ما در ارتباط باشید",۰,۲۰۲۶,سفید,بایک Beijing X7,۱۲ ماه,اتوماتیک,سالم و پلمپ,بنزین,"‏۱,۰۰۰ تومان",سالم,سالم و پلمپ,سالم و بی‌خط و خش,,1000.0,0.0,1405.0,2026.0
gaEC0krm,فیدلیتی الیت ۷ نفره مشکی مدل ۱۴۰۵(مهرشاد میرزایی),2026-08-22 15:43:00,تهران,هروی,https://divar.ir/v/gaEC0krm,"فیدلیتی الیت ۷ نفره مشکی مدل ۱۴۰۵
برج روز کف نمایشگاه موجود.
ساعت تماس از ۱۰ صبح الی ۱۹
ارادتمند شما مهرشاد میرزایی.",۱۰,۱۴۰۵ - ۲۰۲۶,مشکی,فیدلیتی Elite 7 seater,۱۲ ماه,اتوماتیک,سالم و پلمپ,بنزین,"‏۱,۰۰۰ تومان",سالم,سالم و پلمپ,سالم و بی‌خط و خش,,1000.0,10.0,1405.0,2026.0
gav51Sox,دفتر حواله خودرو,2026-08-02 18:42:00,تهران,نارمک جنوبی,https://divar.ir/v/gav51Sox,"حواله  ایران خودرو
 تهران و کل ایران",۰,۱۴۰۵ - ۲۰۲۶,بادمجانی,پژو 207i پانوراما اتوماتیک TU5P,,,,بنزین,"‏۱۰,۰۰۰ تومان",تعیین‌نشده,تعیین‌نشده,سالم و بی‌خط و خش,,10000.0,0.0,1405.0,2026.0
gaJG5wAV,دیگنیتی پرستیژ مشکی داخل مشکی ۴۰۴,2026-08-22 15:42:00,تهران,هروی,https://divar.ir/v/gaJG5wAV,"سلام  خدمت شما عزیزان 
خودرو دیگنیتی پرستیژ مشکی داخل مشکی ۴۰۴
مدارک اماده
کارکرد ۳ هزار تا بسیار تمیز و نو 
 تریم داخلی مارون هم موجوده 
تحویل انی در روز به خریدار عزیزمون 
تمامی رنگبندی این خودرو موجود میباشد (۴۰۲)٫(۴۰۳)
بهترین قیمت منطقه 
بیش از ۱۵۰ خودرو داخل پارکینگ از تمامی برند های مونتاژ و وارداتی موجوده 
تمامی خودرو های چینی موجود میباشد
با قیمتهای کف بازار و منصفانه 
با ما در ارتباط باشین 
با ما به خودرو دلخواه خود برسین 
افتخار ما اعتبار شما به مجموعه ماست 
ما بدون شما بی اعتباریم 
کارشناس فروش : احسانی 
ممنون که تماس میگیرن",۳۰۰۰,۱۴۰۴ - ۲۰۲۵,مشکی,دیگنیتی پرستیژ,۱۰ ماه,اتوماتیک,سالم و پلمپ,بنزین,"‏۱,۰۰۰ تومان",سالم,سالم و پلمپ,سالم و بی‌خط و خش,,1000.0,3000.0,1404.0,2025.0
gam-TzYN,کوییکGXRL جی ایکس ار صفر تحویل فوری,2026-09-13 09:47:00,تهران,اسکندری,https://divar.ir/v/gam-TzYN,"❌❌ فـروش اقســاطـی نداریـم ❌❌

⬅️ قیمت قطعی و واقعی بدون افزایش قیمت به هر دلیلی ، بدون هزینه کمسیون و کارمزد

 ⬅️ ⬅️ هنگام خرید هیچگونه تغییر قیمت نخواهد داشت

✅ یکسال بیمه شخص ثالث
✅ 3 سال گارانتی تا 60 هزار کیلومتر
✅ ۷۰ درصد تخفیف بیمه بدنه

⬅️⬅️ نقدی پلاک شده صفر خشک

خودروی فوق دارای آپشن های شرکتی زیر می باشد:
⭐ دیلایت
⭐ ترمز ABS _ استاندارد ۸۵گانه
⭐ فرمان هیدرولیک_ فرمان دیکات
⭐ شیشه ها برقی
⭐️ موتور ارتقا یافته

☎️☎️ شماره تماس مستقیم خط ویژه ( ساعت 8 الی 17 ))
ساعت تماس » 8 صبح الی 17:30
آدرس : خیابان جمهوری انتهای باستان جنوبی ابتدای کمالی نبش بن بست سعید پ 554",۰,۱۴۰۵ - ۲۰۲۶,سفید,کوییک GXR تیپ L,۱۲ ماه,دنده‌ای,سالم و پلمپ,بنزین,"‏۱۰۰,۰۰۰ تومان",سالم,سالم و پلمپ,سالم و بی‌خط و خش,,100000.0,0.0,1405.0,2026.0
gapqGbDT,حواله خودرو. جانبازی مشارکت,2026-09-15 19:26:00,تهران,گلستان (شهرک راه آهن),https://divar.ir/v/gapqGbDT,"حواله جانبازی جهت مشارکت 
واسطه دلال تماس نگیرد
فقط جانباز تماس بگیرد 
خودم مستقیم قرار داد میبندم 
ماموت خودرو، نگین تندیس الماس ،ماهان صنعت 
ثبت و سفارش شده 
با جانباز تعامل میکنیم",۱۵۰۰۰,۲۰۲۵,مشکی,تویوتا Camry hybrid 2.5L Lumiere,,,,هیبرید,"‏۱۰۰,۰۰۰ تومان",تعیین‌نشده,تعیین‌نشده,سالم و بی‌خط و خش,,100000.0,15000.0,1404.0,2025.0
gapaGp6o,CHEVROLET CAMARO RS 2016,2026-09-15 19:12:00,تهران,ولنجک,https://divar.ir/v/gapaGp6o,"مجموعه ترخیص کارز کارگزار مستقیم خودرو گذرموقت در تهران
 CHEVROLET CAMARO RS 2016 
 داخل چرم
⚡️ موتور 2.0 Turbo
 6 سیلندر توربو
⚙️ گیربکس اتوماتیک
 کارکرد 105,000 KM
✅ تریم RS
✅ 4 تکه رنگ
✅ صندلی‌های چرمی
✅ 4 نفره
⛽️ بنزینی
 قیمت: فقط 29000 هزار دلار

برای اطلاعات بیشتر تماس بگیرید.
✨ این ماشین برای آدمی‌ست که با یک انتخاب، خیالش راحت می‌شود",۱۰۵۰۰۰,۲۰۱۶,مشکی,شورولت کامارو,,اتوماتیک,,بنزین,"‏۱۰۰,۰۰۰ تومان",سالم,سالم و پلمپ,سالم و بی‌خط و خش,,100000.0,105000.0,1395.0,2016.0
gapaW1y1,فیات ۵۰۰ ۲۰۱۵,2026-09-15 19:10:00,تهران,ولنجک,https://divar.ir/v/gapaW1y1,"نمایشگاه شیخ 

مقدس اردبیلی نبش شادآور نمایشگاه شیخ

فیات ۵۰۰ 
بدون رنگ و بدون خط و خش 
۵۰ تا کار واقعی 
داخل سفید با سیستم آلپاین و صندلی دولچه 

خریدار ماشین شما به بهترین قیمت هستیم 
پذیرش و فروش خودرو شما در کمترین زمان ممکن",۵۰۰۰۰,۲۰۱۵,سفید,فیات 500,,دنده‌ای,,بنزین,"‏۱,۰۰۰ تومان",سالم,سالم و پلمپ,سالم و بی‌خط و خش,,1000.0,50000.0,1394.0,2015.0
gapaWIAR,ام وی ام 550 اتومات,2026-09-15 19:07:00,تهران,پرواز,https://divar.ir/v/gapaWIAR,"مناسب مصرف کننده قیمت با نظر کارشناس بی طرف
موتور و گیربکس و ... سلامت 
هر گونه مصرفی و غیر مصرفی نو 
گیربکس تازه سرویس شده صفر تا صد
جلو بندی و کمک ها  و کاتالیزور و کمپرس کولر و .... نو
تسمه تایم و  دینام و فولی ها و هرزگرد و ... نو
لاستیک 80 درصد 
بیمه و ...
کیلس استارت 
روکش و کف پا و شیشه دودی و تصویری بزرگ و ....
کابین در حد صفر
شمع و وایر و باطری و ...نو
رادیات و شلنگ و لوله ها سرویس شده
فنی و سواری عالی بی رنگ شاسی ها سالم
حدود 500 میلیون هزینه شده 
جهت مصرف شخصی 
تنها ضعف خودرو آفتاب سوختگی هست که قابل حل هست تخفیف هم بابتش داده میشه",۲۰۲۰۰۰,۱۳۹۴ - ۲۰۱۵,قهوه ای,ام وی ام 550 اتوماتیک,۱۰ ماه,اتوماتیک,سالم و پلمپ,بنزین,"‏۱,۰۰۰,۰۰۰ تومان",سالم,سالم و پلمپ,خط و خش جزیی,,1000000.0,202000.0,1394.0,2015.0
gapW2zAY,خودرو دنا توربو اتومات آبشنال,2026-09-15 19:07:00,تهران,گیشا,https://divar.ir/v/gapW2zAY,خودرو فوق بدون رنگ بوده  کم کار کرد نکته ای که وجود داره بنده محل کارم اسلامشهر هست و تا ساعت 9 شب در این محل هستم برای بازدید حضوری لطفاً هماهنگ کنید مچکرم,۳۳۰۰۰,۱۴۰۳ - ۲۰۲۴,سفید,دنا پلاس اتوماتیک,۶ ماه,اتوماتیک,,بنزین,"‏۲,۶۸۰,۰۰۰ تومان",سالم,سالم و پلمپ,سالم و بی‌خط و خش,,2680000.0,33000.0,1403.0,2024.0
gapWWJid,فولکس بیتل ۲۰۱۳,2026-09-15 19:03:00,تهران,ولنجک,https://divar.ir/v/gapWWJid,"نمایشگاه شیخ 

مقدس اردبیلی نبش شادآور 
بیتل ۲۰۱۳ 
سه آمپر با سیستم صوتی فندر 
۶۰ تا کار 
فول 

خریدار ماشین شما به بهترین قیمت هستیم
پذیرش و فروش خودرو شما در کمترین زمان ممکن",۶۰۰۰۰,۲۰۱۳,سفید,فولکس بیتل کوپه,,دنده‌ای,,بنزین,"‏۱,۰۰۰ تومان",سالم,سالم و پلمپ,سالم و بی‌خط و خش,,1000.0,60000.0,1392.0,2013.0
gaWSXTS8,دنا _ خشک _مدل ۱۴۰۴ -۱۴۰۵_تحویل روز,2026-09-01 10:14:00,کرج,اصفهانی ها,https://divar.ir/v/gaWSXTS8,"آموت خودرو  
✅ کارگزاری فروش نقدی خودروهای صفر و خشک 
✅ تحویل فوری-همان لحظه مستقیم از پارکینگ نمایندگی
 ✅ امکان رویت و کارشناسی خودرو قبل از تسویه 
✅ خودرو دارای بیمه و گارانتی شرکتی 
✅ سند آزاد بدون هزینه اضافه 
✅تسویه بعد از تحویل 
✅فروش محصولات ایران خودرو ،سایپا ، پارس خودرو 
✅معاوضه انواع خودرو های صفر 
✅تخفیف بیمه بدنه (75%)",۰,۱۴۰۵ - ۲۰۲۶,سفید,دنا پلاس 6 دنده دستی EF7P,۱۲ ماه,دنده‌ای,سالم و پلمپ,بنزین,"‏۱۰,۰۰۰ تومان",سالم,سالم و پلمپ,سالم و بی‌خط و خش,,10000.0,0.0,1405.0,2026.0
galGVShr,لاماری ایما ، مدل 1404 ، صفر,2026-09-12 16:50:00,کرج,جهان شهر,https://divar.ir/v/galGVShr,"لاماری ایما ، مدل 1404 ، رنگ سفید صدفی ، صفر 
گارانتی فعال",۰,۱۴۰۴ - ۲۰۲۵,سفید صدفی,لاماری ایما,۱۰ ماه,اتوماتیک,سالم و پلمپ,بنزین,"‏۱,۰۰۰ تومان",سالم,سالم و پلمپ,سالم و بی‌خط و خش,,1000.0,0.0,1404.0,2025.0
gapa2GhS,پژو پارس tu5.مدل آخر 140۲ سیمی سفارش مدیران بیرنگ,2026-09-15 19:16:00,کرج,بنیاد,https://divar.ir/v/gapa2GhS,"باسلام 
تک برگ سند 
پژو پارس تیوفایو ارتقا یافته سفارش مدیران 
بیرنگ بشرط کارشناسی شما 
بدون کوچکترین خط و خش روی بدنه 
کم کار کرد بشرط کارشناسی شما 
دوست عزیز اول فیلم نگاه کنید بعد تماس بگیرد لطفا برای وقت هم ارزش قائل باشیم بهتره 
موتور تیوفایو هستش.10 ..سوپاپ
 گیربکس زانتیای هستش 
4..چرخ دیکس هستش 
رینگ صلیبی  شرکتی اروند
لاستیک ها پهن خوب عالی..صد.در.صد
پرقدرت پر شتاب کاملا کم مصرف 
صندلیها برقی
 آینه.های بغل تاشو برقی 
چراغ های ..سپر بروز
تمامی چراغها ال ای دی 
بیمه شخص ثالت..۱۱...ماه
بیمه بدنه فول.۱۰.ماه 
نمایشگاهی هم نیستم
دلال.ماشین هم نیستم
فقط مصرف کننده لطفا تماس بگیرد
 لطفا ..فقط فقط تماس جواب میدم اس ام اس جوابگو نیستم به هیچ عنوان",۱۰۰۰۰,۱۴۰۲ - ۲۰۲۳,سفید صدفی,پژو پارس LX TU5,۱۱ ماه,دنده‌ای,سالم و پلمپ,بنزین,"‏۱۰,۰۰۰ تومان",سالم,سالم و پلمپ,سالم و بی‌خط و خش,,10000.0,10000.0,1402.0,2023.0
gaoSx6lW,پراید مدل۹۸,2026-09-14 19:15:00,کرج,شاهین ویلا,https://divar.ir/v/gaoSx6lW,"پراید مدل ۱۳۹۸ | ۱۱۰ هزار کارکرد واقعی

✅ فنی سالم و بدون هزینه
✅ ۱۱۰,۰۰۰ کیلومتر کارکرد واقعی
✅ تک‌برگ سند
✅ ۴ حلقه لاستیک نو
✅ دیسک و صفحه نو
✅ استوپر کروز نو
✅ فن رادیاتور و پایه فن نو
✅ کولر بسیار خنک ❄️
✅ شیشه دودی آمریکایی
✅ کفی سه‌بعدی
✅ سرویس‌ها به‌موقع انجام شده
✅ ماشین آماده استفاده و بدون هزینه‌

بدنه:گلگیر جلو چپ، درب جلو چپ و درب عقب چپ تعویض شرکتی

شاسی ترک جزئی بدون تصادف

باتری نو
 

 قیمت: تماس",۱۱۰۰۰۰,۱۳۹۸ - ۲۰۱۹,سفید,پراید 131 SE,,دنده‌ای,سالم و پلمپ,بنزین,"‏۱,۰۰۰,۰۰۰ تومان",سالم,,رنگ‌شدگی در ۳ ناحیه,,1000000.0,110000.0,1398.0,2019.0
gaVNNENP,رانا پلاس چهارچرخ دیسک ارتقا یافته_ صفر خشک,2026-07-14 09:42:00,کرج,مهرویلا جنوبی,https://divar.ir/v/gaVNNENP,"✅عاملیت فروش خودروهای صفر 
سایپا/ایرانخودرو/پارس خودرو/بهمن /کرمان موتور و..
✅نقد و اقساط

✅سند تمامی خودروها ازاد و هزینه سند به عهده مجموعه
 
✅۷۰ درصد تخفیف بیمه بدنه 
۳سال گارانتی



✅تحویل به روز و فوری 

کارشناس فروش :یزدانی",۰,۱۴۰۵ - ۲۰۲۶,سفید,رانا پلاس TU5P,,,,بنزین,"‏۱۰۰,۰۰۰ تومان",تعیین‌نشده,تعیین‌نشده,سالم و بی‌خط و خش,,100000.0,0.0,1405.0,2026.0
gaycFYPZ,سمند سورن پلاس دوگانه سوز، مدل ۱۴۰۵ صفر,2026-06-17 13:25:00,کرج,گوهردشت,https://divar.ir/v/gaycFYPZ,"خرید فروش خودرو صفر اتوگاری S
صفاوردی

 جزئیات خودرو
- مدل ۱۴۰۵ صفر کیلومتر و خشک
- موتور ef7 دوگانه سوز
- مخزن بزرگ
- رنگ سفید با سیستم SBR
- وضعیت بدنه و فنی کاملاً سالم و پلمپ

 شرایط و خدمات فروش
- دارای ۲ سال گارانتی فعال
- دارای ۱سال بیمه ثالث
- ۷۰ درصد تخفیف بیمه بدنه
- هزینه انتقال سند بر عهده نمایشگاه
- امکان کارشناسی بدنه پیش از تسویه و تحویل
- فروش فوری خودروی صفر شما در کمتر از ۲۴ ساعت

 گزینه‌های معاوضه
امکان معاوضه با خودروهای صفرکیلومتر زیر فراهم است:
- ۲۰۷
- کوییک
- شاهین
- دنا پلاس
- سورن
- سهند
- تارا
- ریرا

 ارتباط و بازدید
ساعت بازدید از ۱۰ صبح الی ۲۰ شب می‌باشد. برای مشاوره در خرید و استعلام نهایی با ما تماس بگیرید. صفاوردی",۰,۱۴۰۴ - ۲۰۲۵,سفید,سمند سورن پلاس EF7 دوگانه سوز,۱۲ ماه,دنده‌ای,سالم و پلمپ,بنزین,"‏۲۰۰,۰۰۰ تومان",سالم,سالم و پلمپ,سالم و بی‌خط و خش,,200000.0,0.0,1404.0,2025.0
gaeWmIqk,مزدا کارا دوکابین ۲۰۰۰cc مدل ۱۴۰۱ مشابه صفر,2026-09-07 10:48:00,کرج,حصارک بالا,https://divar.ir/v/gaeWmIqk,"عرض ادب و احترام (کارشناسی شده توسط کارنامه)
مزدا کارا دوکابین ۲۰۰۰cc مدل ۱۴۰۱

• بدنه کاملاً بیرنگ، بدون خط و خش (شاسی‌ها کاملاً سالم و پلمپ)
• مجهز به کفی بار فایبرگلاس
• کارکرد واقعی ۱۳۶ هزار کیلومتر
• وضعیت فنی فوق‌العاده سالم و تمامی سرویس‌ها به‌موقع انجام شده
• لنت‌ها، روغن، هیدرولیک و جلوبندی تازه سرویس شده
• بیمه شخص ثالث: ۲ ماه
• لاستیک‌ها: ۸۰ درصد
• دارای معافیت معاینه فنی (تا سال ۱۴۰۶)
• سند آماده انتقال

فروشنده واقعی هستم و با خریدار محترم پای معامله راه می‌آیم. خودرو به شرط کارشناسی تقدیم می‌شود.",۱۳۶۰۰۰,۱۴۰۱ - ۲۰۲۲,سفید,وانت مزدا کارا دو کابین 2000cc,۲ ماه,دنده‌ای,سالم و پلمپ,بنزین,"‏۲,۱۰۰,۰۰۰ تومان",سالم,سالم و پلمپ,سالم و بی‌خط و خش,,2100000.0,136000.0,1401.0,2022.0
gapS0mB_,پرشیا سال ۹۶,2026-09-15 16:44:00,کرج,فاز ۴ مهرشهر,https://divar.ir/v/gapS0mB_,"پژو سال مدل ۹۶ موتور xu7
چراغ های عقب بالا سفید تازه انداختم  
چراغ جلو مدل سفارشی دودی 
رینگ و لاستیک سایز ۱۵ یک ماهه خریداری شده
۶ ماه بیمه 
شمع و وایر و لنت تازه تعویض شده
اتاق بی صدا تمیز بدون خط خش
بدون ریالی خرج
برگ کارشناسی آخرین تصویر گذاشتم .",۱۷۰۰۰۰,۱۳۹۶ - ۲۰۱۷,سفید,پژو پارس XU7,۶ ماه,دنده‌ای,سالم و پلمپ,بنزین,"‏۱,۳۵۰,۰۰۰ تومان",سالم,تعیین‌نشده,صافکاری بی‌رنگ,,1350000.0,170000.0,1396.0,2017.0
gap-GhIt,پژو207دنده ای پانا با رینگ,2026-09-15 19:48:00,مشهد,عنصری,https://divar.ir/v/gap-GhIt,پژو ۲۰۷فول دنده ای پانا با رینگ فول ترین حالت ممکن صندلی چرم,۰,۱۴۰۵ - ۲۰۲۶,سفید,پژو 207i پانوراما دنده ای,۱۰ ماه,دنده‌ای,سالم و پلمپ,بنزین,"‏۲,۳۵۵,۰۰۰ تومان",سالم,سالم و پلمپ,سالم و بی‌خط و خش,,2355000.0,0.0,1405.0,2026.0
gaR6tB7I,۲۰۶ تیپ ۲ فرانسوی سفید روغنی,2026-08-28 22:44:00,مشهد,کوثر,https://divar.ir/v/gaR6tB7I,"سلام و احترام

پژو ۲۰۶ تیپ ۲ - رنگ سفید مدل ۱۳۸۵

کارکرد: ۲۳۰ هزار کیلومتر واقعی

وضعیت فنی و مصرفی‌ها:

• تمامی سرویس‌های دوره‌ای به تازگی و با وسواس انجام شده.

• دیسک و صفحه، لنت‌ها و اقلام مصرفی به تازگی تعویض شده (بدون ریالی خرج فنی، آماده مسافرت).

• موتور و گیربکس در سلامت کامل به شرط کارشناسی.

وضعیت بدنه و شاسی:

• شاسی‌های جلو و عقب کاملاً سالم و پلمپ (بدون کوچک‌ترین ضربه).

• سقف و بدنه کاملاً بدون آفتاب‌سوختگی.

• کاپوت جلو به دلیل یک تصادف بسیار جزئی و صرفاً جهت زیبایی/یکدست بودن تعویض شرکتی شده.

• گلگیرهای جلو نیز به جای لیسه‌گیری و قلم‌گیری، جهت زیبایی رنگ شده‌اند.

داخل کابین تمیز و مرتب.

تخفیف جزئی پای معامله به خریدار محترم و واقعی.",۲۳۰۰۰۰,۱۳۸۵ - ۲۰۰۶,سفید,پژو 206 تیپ ۲,,دنده‌ای,سالم و پلمپ,بنزین,"‏۱,۰۰۰ تومان",سالم,سالم و پلمپ,رنگ‌شدگی در ۲ ناحیه,,1000.0,230000.0,1385.0,2006.0
gap22_Rw,باسلام پراید141,2026-09-15 19:40:00,مشهد,هنرور,https://divar.ir/v/gap22_Rw,پراید سالم موتوری جلوبندی سالم رینگ و لاستیک عالی سند حاضر ماشین دوبار کلاً دست به دست شده مالیات عوارض خلافی همش صفر شده حاضر و آماده انتقال. بزرگواران درسته ۱۴۱ میگن بد بخر بد فروش اما در شرایط فعلی با این سوخت فوق العاده ماشین کم هزینه کم استهلاک و خ...کار. آب و روغن تمام... بنگاه‌دار نیستم مالکم مشکل پراید ۱۴۱ تنها صندوق عقب هست ه اون هم خیلی حساس باشه کسی هستند با عایق‌بندی مشکل صدا رو حل می‌کنند. داخل عکس برگه تشخیص خودرو می‌زارم قسمت شاسی ورنگ زده سالم توضیح ندادم عکس و مشاهده کنید,۵۲۰۰۰۰,۱۳۸۷ - ۲۰۰۸,خاکستری,پراید 141 دوگانه سوز,۳ ماه,دنده‌ای,سالم و پلمپ,دوگانه‌سوز دستی,"‏۴,۰۸۰,۰۰۰ تومان",سالم,سالم و پلمپ,سالم و بی‌خط و خش,,4080000.0,520000.0,1387.0,2008.0
gap22kis,اسپورتیج ۲۰۱۶,2026-09-15 19:40:00,مشهد,بهشت,https://divar.ir/v/gap22kis,"فول کامل اروپا 
فوق العاده تمیز استثنایی 
بدون رنگ 
تک برگ سند 
۱۳۰ هزارتا کار",۱۳۰۰۰۰,۲۰۱۶,مشکی,کیا اسپورتیج 2400cc,,اتوماتیک,سالم و پلمپ,بنزین,"‏۱۰,۰۰۰ تومان",سالم,سالم و پلمپ,سالم و بی‌خط و خش,,10000.0,130000.0,1395.0,2016.0
gaLWdfHL,۲۰۶ تیپ دو مدل ۹۹,2026-08-24 08:55:00,مشهد,شریف,https://divar.ir/v/gaLWdfHL,"باسلام 
۲۰۶ تیپ ۲ مدل ۱۳۹۹
فنی و موتور به شرط کیلومتر۱۱۶۰۰۰هزار به شرط دیاگ
بدنه بدون رنگ .بدون، خط و خش و گریسی  زاپاس استفاده نشده درحدصفر
بدنه وداخل کابین درحدصفر. ضدسرقت کامل کامل

تمام مصرفیها شامل روغن موتور ، تسمه تایم ، دینام و باطری تعویض
بیمه ۶ماه و معاینه فنی یک سال",۱۱۶۰۰۰,۱۳۹۹ - ۲۰۲۰,سفید,پژو 206 تیپ ۲,۵ ماه,دنده‌ای,سالم و پلمپ,بنزین,"‏۱,۳۵۰,۰۰۰ تومان",سالم,سالم و پلمپ,سالم و بی‌خط و خش,,1350000.0,116000.0,1399.0,2020.0
gaD-ltSF,کی ام سی J7,2026-08-17 22:54:00,مشهد,آزادشهر,https://divar.ir/v/gaD-ltSF,"مدل ۱۵ اسفند ۱۴۰۱
۷۳۰۰۰ کارکرد 
تمام سرویس ها سر ۵۰۰۰تا نمایندکی پاکروان انجام شده و قابل استعلام هست.
بدون رنگ و نقطه و خط و خش.
لاستیک‌ها رو عوض کردم و لاستیک خارجی انداختم.
بدنه سرامیک ۵ ساله در دوب گاراژ شده ٫ فاکتور ضمانتش‌موجود هست.
نسبت به مدل فوق العاده کم کار هست.
فروش‌به دلیل ارتقا.
معاوضه با تیگو۷ پرو،فیدلیتی،کم کار .",۷۳۰۰۰,۱۴۰۱ - ۲۰۲۲,طوسی,کی ام سی J7,۷ ماه,اتوماتیک,سالم و پلمپ,بنزین,"‏۱۰۰,۰۰۰ تومان",سالم,سالم و پلمپ,سالم و بی‌خط و خش,,100000.0,73000.0,1401.0,2022.0
gapi2YHq,مرکز خرید و فروش تویوتا( کرولا کراس ،الیت،لوین),2026-09-15 19:18:00,مشهد,ارشاد,https://divar.ir/v/gapi2YHq,"⚜️گروه خودرویی الوندی⚜️
تمامی مدل های کرولا کراس ۲۰۲۶
۲۰۲۵ نیوفیس
۲۰۲۵ فیس قدیم
۲۰۲۴
با پلاک و مدارک،کارتکس
تمام رنگ ها
موجود میباشد
تویوتا لوین،الیت،۱۸۰۰،۱۲۰۰
انواع کمری ها
وایلندر
راف فور
و …
موجود
خودرو شما را به قیمت روز خریداریم 
با 50% پیش پرداخت صاحب خودرو دلخواهتان شوید
امکان معاوضه با خودرو های صفر و کارکرده

✅مدارک آماده انتقال
✅سند آزاد
✅با قیمت های منصفانه
✅تحویل فوری خودرو
☎️با یک تماس به خودرو دلخواه خود برسید
❗️جهت بازدید خودرو لطفا فقط تماس بگیرید❗️
تمامی خودرو های  وارداتی. چینی. خارجی. ایرانی موجود می‌باشد
چینی: کی ام سی- لاماری- تیگو -فونیکس-فیدیلیتی-دیگینیتی-
 هایما-چانگان-لوکانو-بالنو-گک-هاوال-x33-x22-آریزو-ریسپکت-
وارداتی:چانگان-اوتلندر-کرولا-ایکستریم-هونگچی-آی دی فور-تانک ۳۰۰-سیار-گرندویتارا-فرانکس-کیکس-سیلفی-قشقایی-جیمینی-سیتی-لوی-کرتا-کونا-آئودی-وزل-
خارجی: بی ام و-بنز-لکسوس-تالیسمان-وراکروز-ولو-هایلوکس-ولستر-آزار-سوناتا-افجی کروز-النترا پورشه-اسپورتیج-اپتیما-سانتافه-توسان-جنسیس-مزدا-رافور-سورنتو-کمری-سراتو-ایرانی:۲۰۷-پارس-دنا-شاهین-تارا-ری را-۲۰۶-اطلس-سورن-",۰,۲۰۲۶,سفید,تویوتا کرولا کراس هیبرید 2 لیتری,,,,بنزین,"‏۱,۰۰۰ تومان",تعیین‌نشده,تعیین‌نشده,سالم و بی‌خط و خش,,1000.0,0.0,1405.0,2026.0
galmkAd6,کوییک صفر فول سفید مشکی,2026-09-12 16:16:00,مشهد,فاطمیه,https://divar.ir/v/galmkAd6,"فول ترین و زیباترین کوییک 
رنگ سفید مشکی
 پارس خودرو
دارای ترمز esc و SBR
 هدلایت و دیلایت
سیستم پایداری
دارای ضبط حرفه ای نصب کارخانه
 موتور بزرگ ، موتور اطلس دارد و با کوییک معمولی متفاوت می باشد
خودرو صفر و فقط از نمایندگی تا منزل آورده شده و دیگه استفاده نشده
 مدارک کامل و آماده انتقال می باشد",۱,۱۴۰۵ - ۲۰۲۶,سفید,کوییک GXR تیپ L,۱۲ ماه,دنده‌ای,سالم و پلمپ,بنزین,"‏۱,۴۵۰,۰۰۰ تومان",سالم,سالم و پلمپ,سالم و بی‌خط و خش,,1450000.0,1.0,1405.0,2026.0
gaouTMT3,۹۸پراید,2026-09-14 21:52:00,مشهد,فاطمیه,https://divar.ir/v/gaouTMT3,"پراید مدل۹۸ بدون رنگ 
کم کار 
شاسی ها سالم پلمپ 
مدارک کامل و بنام خودم 
اماده تعویض پلاک 
نهایت وکالت ۱۰ الی ۱۵ روزه 
شیشه دودی آمریکایی یو اس آ 
دزدگیر 
لاستیک ها ۱۰۰درصد ۴حلقه 
فقط فقط  نقدی 
معاوضه ندارم 
علت فروش ماشین بنامم درآمده وگرنه اصلا نمیفروختم 

اطلاعات بیشتر و قیمت تماس بگیرید
پیام جوابگو نیستم",۵۶۰۰۰,۱۳۹۸ - ۲۰۱۹,سفید,پراید 132 SE,,دنده‌ای,,بنزین,"‏۱,۰۰۰ تومان",سالم,سالم و پلمپ,سالم و بی‌خط و خش,,1000.0,56000.0,1398.0,2019.0
ganGSyOY,رانامدل ۹۴-tu5,2026-09-15 18:57:00,مشهد,یوسفیه (شهرک غرب),https://divar.ir/v/ganGSyOY,"باسلام ماشین همینطور که‌تو کارشناسی هست چندتا جاش خیلی جزئی و ترافیکی رنگ شده شاسی سالم-سینی پشت چراغ داره
موتوریtu5 سالم
بیمه یک ماه
قیمت آگهی بدون مانیتور و سیستم صوتی
اینا جداحساب میشه اگه کسی خواست
معاوضه با آریسان ۲
یا وانت پراید هم دارم",۳۰۰۰۰۰,۱۳۹۴ - ۲۰۱۵,سفید,رانا LX,۱ ماه,دنده‌ای,,بنزین,"‏۱,۱۵۰,۰۰۰ تومان",سالم,سالم و پلمپ,رنگ‌شدگی در ۱ ناحیه,,1150000.0,300000.0,1394.0,2015.0
gapK2CtW,مرکز خرید و فروش جی سون(انواع خودروها)_j 7,2026-09-15 18:52:00,مشهد,ارشاد,https://divar.ir/v/gapK2CtW,"⚜️گروه خودرویی الوندی⚜️

کی ام سی صفر و‌کارکرده،در همه رنگ موجود

کافیه فقط خودروی خودتون رو به ما بسپارین،در کمترین زمان ممکن به فروش میرسه.

به بهترین قیمت خودروی دلخواهتون رو از ما بخرین
کافیه یکبار امتحان کنید



خودرو شما را به قیمت روز خریداریم 


امکان معاوضه با خودرو های صفر و کارکرده

✅مدارک آماده انتقال
✅سند آزاد
✅با قیمت های منصفانه
✅تحویل فوری خودرو

☎️با یک تماس به خودرو دلخواه خود برسید

❗️جهت بازدید خودرو لطفا فقط تماس بگیرید❗️

تمامی خودرو های  وارداتی. چینی. خارجی. ایرانی موجود می‌باشد

چینی: کی ام سی- لاماری- تیگو -فونیکس-فیدیلیتی-دیگینیتی-
 هایما-چانگان-لوکانو-بالنو-گک-هاوال-x33-x22-آریزو-ریسپکت-

وارداتی:چانگان-اوتلندر-کرولا-ایکستریم-هونگچی-آی دی فور-تانک ۳۰۰-سیار-گرندویتارا-فرانکس-کیکس-سیلفی-قشقایی-جیمینی-سیتی-لوی-کرتا-کونا-آئودی-وزل-


خارجی: بی ام و-بنز-لکسوس-تالیسمان-وراکروز-ولو-هایلوکس-ولستر-آزار-سوناتا-افجی کروز-النترا پورشه-اسپورتیج-اپتیما-سانتافه-توسان-جنسیس-مزدا-رافور-سورنتو-کمری-سراتو-

ایرانی:۲۰۷-پارس-دنا-شاهین-تارا-ری را-۲۰۶-اطلس-سورن-",۰,۱۴۰۵ - ۲۰۲۶,سفید,کی ام سی J7,,,,بنزین,"‏۱,۰۰۰ تومان",تعیین‌نشده,تعیین‌نشده,سالم و بی‌خط و خش,,1000.0,0.0,1405.0,2026.0
gap-F5L0,پژو 405 مدل 89 دوگانه,2026-09-15 18:40:00,مشهد,نوده,https://divar.ir/v/gap-F5L0,"باسلام
پژو 405مدل 89 ماشین بدون رنگ می‌باشد شاستی ها سالم دوگانه کارخانه منبع نیسانی بیمه و معاینه فنی اخراش هست که اگر خواستین براتون بیمه ومعاینه میکنم بعد تحویلتون میدم ماشین آفتاب سوختگی دارد موتوری تازه تعمیر بدون روغن ریزی و سوزی جلو بندی تازه تعمیر می‌باشد 
معاوضه با 207تا 1500هم دارم 
تشکر",۱۰۰۰۰۰,۱۳۸۹ - ۲۰۱۰,نقره ای,پژو 405 GLX - دوگانه سوز CNG,۱ ماه,دنده‌ای,سالم و پلمپ,دوگانه‌سوز شرکتی,"‏۷۰۰,۰۰۰ تومان",سالم,سالم و پلمپ,خط و خش جزیی,,700000.0,100000.0,1389.0,2010.0
gapCHytf,پژو۴۰۵,2026-09-15 19:54:00,اصفهان,شهرک صنعتی امیرکبیر (شاپور جدید),https://divar.ir/v/gapCHytf,"سلام ودرود پژو۴۰۵
فنی به شرط کار شناسی شما
رنگی یه کاپوت استوک کارخانه",۳۷۰۰۰,۱۳۸۸ - ۲۰۰۹,نقره ای,پژو 405 GLX بنزینی,,دنده‌ای,سالم و پلمپ,بنزین,"‏۶,۸۰۰,۰۰۰ تومان",سالم,سالم و پلمپ,خط و خش جزیی,,6800000.0,37000.0,1388.0,2009.0
gapumtX9,پراید ۱۳۲,2026-09-15 19:41:00,اصفهان,بهرام آباد,https://divar.ir/v/gapumtX9,با درود و احترام پراید ۱۳۲مصرفیها و زیر و بند تازه عوض شده به مشتری واقعی تخفیف میدم,۲۰۰۰۰۰,۱۳۹۶ - ۲۰۱۷,سفید,پراید 132 ساده,۴ ماه,دنده‌ای,,بنزین,"‏۸۰۰,۰۰۰ تومان",سالم,سالم و پلمپ,خط و خش جزیی,,800000.0,200000.0,1396.0,2017.0
ganapjKm,پژو روا ۸۶,2026-09-15 19:40:00,اصفهان,هزارجریب,https://divar.ir/v/ganapjKm,"دوتا قوطی زیر شاسی ترک داشته جوش دادن 
لاستیک ها نو 
کپسول گار ۱۵ سال تاریخ ریگلاتور نو 
بدون روغن سوزی و روغن ریزی
قیمتو پایین تر تمام آگهی ها و نمایشگاها گذاشتم 
تخفیف نداره آخرین قیمته
معاوضه فقط با پراید",۱۰۰۰۰۰,۱۳۸۶ - ۲۰۰۷,نوک مدادی,پژو روآ (ROA) سال دوگانه سوز,۸ ماه,دنده‌ای,سالم و پلمپ,دوگانه‌سوز شرکتی,"‏۲۷,۰۰۰,۰۰۰ تومان",سالم,ضربه‌خورده,رنگ‌شدگی در ۲ ناحیه,,27000000.0,100000.0,1386.0,2007.0
gapm2yVN,کوییک r صفر ۴۰۵ سفید مشکی,2026-09-15 19:24:00,اصفهان,پوریای ولی,https://divar.ir/v/gapm2yVN,"تحویل برج ۳
سند اماده انتقال
ضبط ندارد",۶۲,۱۴۰۵ - ۲۰۲۶,سفید,کوییک دنده ای R,۸ ماه,دنده‌ای,سالم و پلمپ,بنزین,"‏۱۴,۳۵۰,۰۰۰ تومان",سالم,سالم و پلمپ,سالم و بی‌خط و خش,,14350000.0,62.0,1405.0,2026.0
gaXWgcEa,۲۰۷ مدل ۴۰۴ پانا ارتقا یافته,2026-09-01 20:44:00,اصفهان,راه آهن,https://divar.ir/v/gaXWgcEa,"ماشین تمیز درحد
تخفیف پای معامله
فروش فوری",۲۰۰۰۰,۱۴۰۴ - ۲۰۲۵,سفید,پژو 207i پانوراما دنده ای,۶ ماه,دنده‌ای,سالم و پلمپ,بنزین,"‏۲۲,۳۰۰,۰۰۰ تومان",سالم,سالم و پلمپ,سالم و بی‌خط و خش,,22300000.0,20000.0,1404.0,2025.0
gaOSZwp8,روا سال 89,2026-08-26 10:55:00,اصفهان,بیدآباد,https://divar.ir/v/gaOSZwp8,"روا سال 89 رنگی کاپوت گلگیر عقب و صندوق شاسی پلمپ موتور سر حال کم کار کرد بیمه تا اسفند ماه دف تویوتایی 
کولر و بخاری روشن
تخفیف پای معامله داده میشه",۲۷۶۰۰۰,۱۳۸۹ - ۲۰۱۰,نقره ای,پژو روآ (ROA) سال دوگانه سوز,۷ ماه,دنده‌ای,سالم و پلمپ,دوگانه‌سوز شرکتی,"‏۵,۲۵۰,۰۰۰ تومان",سالم,سالم و پلمپ,رنگ‌شدگی در ۳ ناحیه,,5250000.0,276000.0,1389.0,2010.0
gaXWywJg,پراید,2026-09-01 22:59:00,اصفهان,سروستان,https://divar.ir/v/gaXWywJg,"مدل ۸۵
بدون رنگ یه درب استوک کارخانه
کم کار 
شاسیها جلو و عقب و موتور  پلمپ ،بدون ترک و یا جوش
موتور و فنی در حد 
لاستیکها نو
بیمه یکسال 
ضبط فلش خور ،دزدگیر 
کفپوش ،روکش صندلی 
مخصوص مصرف کننده",۲۱۵۰۰۰,۱۳۸۵ - ۲۰۰۶,بژ,پراید 131 SE,۱ ماه,دنده‌ای,سالم و پلمپ,بنزین,"‏۱,۰۰۰,۰۰۰ تومان",سالم,سالم و پلمپ,رنگ‌شدگی در ۱ ناحیه,,1000000.0,215000.0,1385.0,2006.0
gap2F97A,پژو پارس فروشی مدل ۸۸,2026-09-15 18:32:00,اصفهان,هفتون,https://divar.ir/v/gap2F97A,"پژو پارس مدل ۸۸ سفید
بیمه تا اخر برج ۲ سال ۱۴۰۶،دور رنگ ،تک برگ سند
قیمت توافقی",۳۹۸۷۱۲,۱۳۸۸ - ۲۰۰۹,سفید,پژو پارس سال,,,,بنزین,"‏۲۰,۰۰۰ تومان",تعیین‌نشده,تعیین‌نشده,دوررنگ,,20000.0,398712.0,1388.0,2009.0
gapyFSBu,۲۰۶ تیپ ۵ مدل ۹۸,2026-09-15 18:25:00,اصفهان,کارلادان,https://divar.ir/v/gapyFSBu,بدون رنگ و توضیحات ، فوق العاده تمیز و خونگی,۹۴۰۰۰,۱۳۹۸ - ۲۰۱۹,سفید,پژو 206 تیپ ۵,,دنده‌ای,,بنزین,"‏۱,۴۹۰,۰۰۰ تومان",تعیین‌نشده,تعیین‌نشده,سالم و بی‌خط و خش,,1490000.0,94000.0,1398.0,2019.0
gapG3mXI,750 Li vip,2026-09-15 19:56:00,تبریز,,https://divar.ir/v/gapG3mXI,"بی ام وه ۷۵۰ال ای ایکس درایو فول ترین ایندیوژال 
تمامی اپشن هارو داره بدون کسری اپشن چهار نفره وی ای پی 
خودرو سفارش خلیج هست کاپوت رنگ و گلگیر ها ابرنگ داره شاسی ها سالم هست موتور و گیربکس به شرط لاستیک ها ۱۰۰درصد قیمت ۳۷۰۰۰دلار مقطوع  خودرو تبریز و دوهفته هست پلاک شده مدل ۲۰۱۶",۱۰۳۰۰۰,۲۰۱۶,مشکی,بی ام و سری 7 750li,۱۲ ماه,اتوماتیک,سالم و پلمپ,بنزین,"‏۳۷,۰۰۰ تومان",سالم,سالم و پلمپ,رنگ‌شدگی در ۲ ناحیه,,37000.0,103000.0,1395.0,2016.0
gap2W5Es,تویوتا لندکروز vxr مشکی ۲۰۲۲ ارس پلاک دایم ارس,2026-09-15 19:41:00,تبریز,,https://divar.ir/v/gap2W5Es,"تویوتا لندکروزر مشکی vxr فول مدل ۲۰۲۲ توینتوربو پلاک دایم ارس بدون رنگ در حد 
پلاک شده آماده تحویل 
دارای گواهی تشخیص رنگ
کارکرد 93 هزار بدون رنگ 
قیمت ۱۰۵ هزار دلار
فروش نقدی - معاوضه نداریم",۹۴۰۰۰,۲۰۲۲,مشکی,تویوتا لندکروزر 4 در 6 سیلندر 3.4 لیتر توربو VXR,۳ ماه,اتوماتیک,سالم و پلمپ,بنزین,"‏۱۰۵,۰۰۰ تومان",سالم,سالم و پلمپ,سالم و بی‌خط و خش,,105000.0,94000.0,1401.0,2022.0
gap2GovN,تویوتا فرانتلدر فیس 2026 فول,2026-09-15 19:39:00,تبریز,,https://divar.ir/v/gap2GovN,"با سلام و احترام 
تویوتا فرانتلدر مدل 2025 فیس 2026 (فول کامل)
ماشین بدون خط و خش و بدون ضربه 
امکانات مهم این ماشین صندلی چرمی، صندوق عقب برقی ،صندلی برقی،دوربین 360 درجه، رادار بین خطوط، کمک راننده اتوماتیک، ترمز اظطراری، و همچنین گرم کن صندلی ، 
ماشین ارس پلاک می‌باشد 
قیمت خودرو ۲۸ هزار دلار میباشد",۶۰۰,۲۰۲۵,سفید,تویوتا فرانت لندر هیبرید 2 لیتر,۵ ماه,اتوماتیک,سالم و پلمپ,هیبرید,"‏۲۸,۰۰۰ تومان",سالم,سالم و پلمپ,سالم و بی‌خط و خش,,28000.0,600.0,1404.0,2025.0
gaPSRMyR,فرصت استثنائی فروش MG5 اماده تحویل,2026-08-26 19:59:00,تبریز,,https://divar.ir/v/gaPSRMyR,"باسلام 
فرصت استثنائی پیش فروش خودرو  

ام جی 5 

اماده تحویل پشت فنس روزه در منطقه ازاد ارس 

با بعیانه فقط:30%
MG5 دنده اتوماتیک
13100$

یک فرصت استثنائی

دنیای خودرو",۰,۲۰۲۶,سفید,ام جی 5,۱۲ ماه,اتوماتیک,سالم و پلمپ,بنزین,"‏۱۲,۹۵۰,۰۰۰ تومان",سالم,سالم و پلمپ,سالم و بی‌خط و خش,,12950000.0,0.0,1405.0,2026.0
gapiWsdm,پرشیا مدل ۸۵ دوگانه ،خانگی ،,2026-09-15 19:18:00,تبریز,,https://divar.ir/v/gapiWsdm,"با سلام 
پرشیا مدل ۸۵ دوگانه سوز به رنگ نقره‌ای، 
شاسی ها سالم ، پلمپ پلمپ ،
موتور فنی سالم ،سالم ،
داخل کابین تمیز و مرتب، 
ضبط و باند فعال ،
بدون کوچیکترین ایراد،
جلو بندی نو نو ،
همه مصرفی ها تازه سرویس شده ،
بدنه ماشین بدون خط و خش ،
برای اطلاعات بیشتر تماس بگیرید، 
ساعت بازدید از ۱۱ صبح الی ۱۱ شب ،در خدمتم، 
یا علی ،",۲۵۰۰۰۰,۱۳۸۵ - ۲۰۰۶,نقره ای,پژو پارس ساده,۳ ماه,دنده‌ای,سالم و پلمپ,دوگانه‌سوز دستی,"‏۷۵,۵۰۰,۰۰۰ تومان",سالم,سالم و پلمپ,سالم و بی‌خط و خش,,75500000.0,250000.0,1385.0,2006.0
gapKWLgZ,پراید ۸۱,2026-09-15 18:51:00,تبریز,,https://divar.ir/v/gapKWLgZ,"سلام خسته نباشید
یک دستگاه پراید مدل ۸۱
موتور سالم گیربکس سالم
بیمه ۱۱ ماه ماینه ۱۱ ماه
دوگانه هس ولی کپسول ندارد
تخفیف در حد شیرینی
قسطی یا چکی قبول نیس فقد نقد",۳۰۰۰۰۰,۱۳۸۱ - ۲۰۰۲,سفید,پراید صندوق دار CNG,۱۱ ماه,دنده‌ای,سالم و پلمپ,دوگانه‌سوز دستی,"‏۲۶,۰۰۰,۰۰۰ تومان",سالم,سالم و پلمپ,خط و خش جزیی,,26000000.0,300000.0,1381.0,2002.0
gapCmuvr,پژو پارس دوگانه۹۹(معاوضه،شرایطی),2026-09-15 18:44:00,تبریز,,https://divar.ir/v/gapCmuvr,"پژو پارس دوگانه مدل ۹۹ بدون رنگ شاسی ها پلمپ
رنگ فقط دور گلگیر عقب و زیر زه درب عقب به اندازه ۲ کف دست
فنی سواری درحد صفر
موتور بدون بخار یا روغن سوزی و تازه تعمیر
قابل معاوضه با خودرو
درصورت کسری مقداری از مبلغ شرایطی هم معامله میشود
با باغ و ویلا و زمین معاوضه نمیگردد",۱۶۰۰۰۰,۱۳۹۹ - ۲۰۲۰,سفید,پژو پارس دوگانه سوز,,دنده‌ای,سالم و پلمپ,دوگانه‌سوز شرکتی,"‏۱,۴۰۰,۰۰۰ تومان",سالم,سالم و پلمپ,رنگ‌شدگی در ۲ ناحیه,,1400000.0,160000.0,1399.0,2020.0
gap-F_eZ,پژو ۴۰۵دوگانه کارخانه,2026-09-15 18:41:00,تبریز,,https://divar.ir/v/gap-F_eZ,"پژو ۴۰۵دوگانه کارخانه 
مدل ۹۶
درجه یک 
یک گلگیر رنگ 
شاسی ها پلمپ 
خوردگی جزئی کف صندوق 
موتور فنی به شرط 
نقد اقساط 
قابلیت اقساط هم هست تا ۳ماه 
بازدید بستان اباد اتو اهورا",۲۰۰۰۰۰,۱۳۹۶ - ۲۰۱۷,نقره ای,پژو 405 GLX - دوگانه سوز CNG,۳ ماه,دنده‌ای,سالم و پلمپ,دوگانه‌سوز شرکتی,"‏۱,۰۰۰ تومان",سالم,سالم و پلمپ,رنگ‌شدگی در ۱ ناحیه,,1000.0,200000.0,1396.0,2017.0
gapulBss,۲۰۷ پانا بدون رنگ(شرایطی،معاوضه),2026-09-15 18:20:00,تبریز,,https://divar.ir/v/gapulBss,"۲۰۷ بدون رنگ درحد
فنی سالم بدون ایراد
لاستیک بالای ۸۰ درصد
بیمه تا اخر سال
قابل معاوضه با خودرو 
در صورت کسری مقداری از مبلغ شرایطی قابل معامله میباشد
با باغ و ویلا و زمین معاوضه نمیشود",۱۲۵۰۰۰,۱۴۰۰ - ۲۰۲۱,خاکستری,پژو 207i پانوراما دنده ای,۶ ماه,دنده‌ای,سالم و پلمپ,بنزین,"‏۱,۸۷۰,۰۰۰ تومان",سالم,سالم و پلمپ,سالم و بی‌خط و خش,,1870000.0,125000.0,1400.0,2021.0
gapalfHs,BMw430i,2026-09-15 18:01:00,تبریز,,https://divar.ir/v/gapalfHs,"BMW430i,مدل ۲۰۱۹،چهار تکیه اب رنگ",۱۱۰۰۰۰,۲۰۱۹,نقره ای,بی ام و سری 4 گرن کوپه 420i,۱۲ ماه,اتوماتیک,سالم و پلمپ,بنزین,"‏۲۶,۰۰۰ تومان",سالم,سالم و پلمپ,رنگ‌شدگی در ۲ ناحیه,,26000.0,110000.0,1398.0,2019.0
gapOGA7n,Kmc t8,2026-09-15 19:01:00,شیراز,ارم,https://divar.ir/v/gapOGA7n,"باسلام کی ام سی تی ۸
مدل۱۴۰۱تحویل برج۸ ۱۴۰۲
تک برگ سند  بدون رنگ  بدون  پی دی آر  و بدن نقطه 
مدارک اماده انتقال   گارانتی فعال  به شرط رزومه  کرمان موتور
یک روز. آفرود و شرکت کار نکرده 
استثنایی
معاوضه با خودرو ایرانی یا پیکاپ درجه یک یا هایلوکس تک کابین دارم 
بازدید شهرستان  فقط تماس جوابگو هستم",۵۹۰۰۰,۱۴۰۱ - ۲۰۲۲,مشکی,کی ام سی T8,۱۰ ماه,دنده‌ای,سالم و پلمپ,بنزین,"‏۱,۰۰۰ تومان",سالم,سالم و پلمپ,سالم و بی‌خط و خش,,1000.0,59000.0,1401.0,2022.0
gapGWhL-,اریزو5 اتومات,2026-09-15 18:49:00,شیراز,ارم,https://divar.ir/v/gapGWhL-,با سلام خودرو فوق بکر بکر بدون هیچ مشکلی تمام سرویس هاشو به موقعه انجام دادم فقط یک گلگیر سمت شاگرد و (یکم) سه گوش درب راننده رن  با جک s5 هم معاوضه میکنم,۲۱۰۰۰۰,۱۳۹۶ - ۲۰۱۷,سفید,چری آریزو 5 اتوماتیک اکسلنت,۹ ماه,اتوماتیک,سالم و پلمپ,بنزین,"‏۱,۰۰۰ تومان",سالم,سالم و پلمپ,سالم و بی‌خط و خش,,1000.0,210000.0,1396.0,2017.0
gapaQMO4,ثبت نام نیسان N6 _NX8 مدل 2026 _دو مرحله,2026-09-15 18:49:00,شیراز,ابیوردی,https://divar.ir/v/gapaQMO4,"✨هلدینگ ارم خودرو (زارع) ✨
✨کارشناس فروش : خانم افشاری✨
NISSAN N6 170Max+ flagship 
NISSAN NX8 310 max 
NISSAN NX8 150 pro
 -------------------------------------------------
نیسان N6 Max مدل 2026
فول اپشن 
✅ قیمت قطعی
✅پرداخت 2مرحله ای
نیسان NX8 310 max مدل 2026 
فول اپشن 
✅ قیمت قطعی
✅پرداخت 2مرحله ای
نیسان N6 180 max 
✅ تحویل فوری سند و مدارک اماده  
 تحویل 90 روزه* 
فول‌ترین تیپ بازار (تیپ پرچمدار) مدل 2026 
پلاگین هایبرید / بدون حساسیت به بنزین
۱۷۰ کیلومتر پیمایش EV تمام برقی
بیش از ۱۲۰۰ کیلومتر پیمایش با یک باک بنزین
ماساژور صندلی جلو - اتو پارک - طراحی مدرن با چراغ‌های یکپارچه و دستگیره مخفی
 صندوق عقب جادار 570 لیتری
--------------------------------------------------------------
جهت کسب اطلاعات بیشتر تماس حاصل فرمایید
چمران/نبش ابیوردی3 /ارم خودرو/طبقه دوم",۰,۲۰۲۶,سفید,نیسان N6 پلاگین هیبرید 1.5 لیتری,۱۲ ماه,اتوماتیک,سالم و پلمپ,پلاگین هیبرید,"‏۱,۰۰۰,۰۰۰ تومان",سالم,سالم و پلمپ,سالم و بی‌خط و خش,,1000000.0,0.0,1405.0,2026.0
gaLuDNNw,فروش,2026-08-23 21:57:00,شیراز,داریون,https://divar.ir/v/gaLuDNNw,پراید یشمی، مدل ۸۴ ،دوگانه دستی،موتور گیربکس سالم،یک شاسی تعویض ،کمی آفتاب سوختگی از سقف,۵۸۰۰۰,۱۳۸۴ - ۲۰۰۵,یشمی,پراید صندوق دار بنزینی,۶ ماه,دنده‌ای,سالم و پلمپ,دوگانه‌سوز دستی,"‏۳,۰۰۰,۰۰۰ تومان",سالم,سالم و پلمپ,خط و خش جزیی,,3000000.0,58000.0,1384.0,2005.0
gap2FUqR,۲۰۷ پانا سفید درحد صفر,2026-09-15 18:34:00,شیراز,سینما سعدی,https://divar.ir/v/gap2FUqR,"‌‌* در حد صفر 
* دیدنی و کارکرد واقعی / تک برگ سند
* بدنه فابریک / بدون رنگ / کاملا خانگی 
* اتو گالری فارسیان / ۳۰ متری سینما سعدی 
*  با ۳۵ سال سابقه در خرید و فروش خودرو",۴۰۰۰۰,۱۴۰۰ - ۲۰۲۱,سفید,پژو 207i پانوراما دنده ای,۷ ماه,دنده‌ای,سالم و پلمپ,بنزین,"‏۱۰۰,۰۰۰ تومان",سالم,سالم و پلمپ,سالم و بی‌خط و خش,,100000.0,40000.0,1400.0,2021.0
gap2VGeJ,MVM X55 1403,2026-09-15 18:28:00,شیراز,فرهنگ شهر,https://divar.ir/v/gap2VGeJ,"MVM X55
1403
۳۰ تا کار 
بدون رنگ
گارانتی فعال 

✨ اتو عبدالهی حس خوب اعتماد ✨",۳۰۰۰۰,۱۴۰۳ - ۲۰۲۴,مشکی,ام وی ام X55 Pro اکسلنت اسپرت,,اتوماتیک,سالم و پلمپ,بنزین,"‏۱۰۰,۰۰۰ تومان",سالم,سالم و پلمپ,سالم و بی‌خط و خش,,100000.0,30000.0,1403.0,2024.0
gagyw0CP,لاماری ۴۰۳ در حد صفر,2026-09-08 16:59:00,شیراز,هفت تنان,https://divar.ir/v/gagyw0CP,لاماری ۴۰۳ در حد صفر کم کار گارانتی فعال از همه لحاظ به شرط زاپاس نخوره تمام سرویس هاش داخل نمایندگی انجام شده,۴۸۰۰۰,۱۴۰۳ - ۲۰۲۴,سرمه ای,لاماری ایما,۶ ماه,اتوماتیک,سالم و پلمپ,بنزین,"‏۵,۱۵۰,۰۰۰ تومان",سالم,سالم و پلمپ,سالم و بی‌خط و خش,,5150000.0,48000.0,1403.0,2024.0
gapil2ay,فروش خودرو فیدلیتی,2026-09-15 18:20:00,شیراز,سینما سعدی,https://divar.ir/v/gapil2ay,خودروی فیدلیتی مدل 403,۴۰۰۰۰,۱۴۰۳ - ۲۰۲۴,سفید,فیدلیتی پرایم ۷ نفره,۶ ماه,اتوماتیک,سالم و پلمپ,بنزین,"‏۵,۲۰۰,۰۰۰ تومان",سالم,سالم و پلمپ,سالم و بی‌خط و خش,,5200000.0,40000.0,1403.0,2024.0
gapqlTdW,پراید 131SEسفید مدل ۹۳فول,2026-09-15 18:18:00,شیراز,شهرک ولیعصر,https://divar.ir/v/gapqlTdW,"تمیز وخانگی
فنی درجه یک 
شاسی عقب وجلو پلمپ
جفت ایربگ
هیدرولیک 
ای بی اس 
کولر وبخاری سالم 
روکش صندلی
دزدگیر 
کف‌پوش سه بعدی 
ضبط کنوود
باند پایونر 
بیمه تا خرداد 406
معاینه فنی تا پایان سال 
سند بنام خودم آماده انتقال",۲۷۰۰۰۰,۱۳۹۳ - ۲۰۱۴,سفید,پراید 131 SE,۹ ماه,دنده‌ای,سالم و پلمپ,بنزین,"‏۱,۰۰۰,۰۰۰ تومان",سالم,سالم و پلمپ,سالم و بی‌خط و خش,,1000000.0,270000.0,1393.0,2014.0
gahKR0RA,مزدا۳مدل اخر۸۷تحویلی۸۸تیپ۳فول خانگی بشرط درحد,2026-09-09 11:35:00,شیراز,قدوسی شرقی,https://divar.ir/v/gahKR0RA,"مزدا۳ مدل اخر۸۷ تحویلی ۸۸ تیپ۳فول ماشین‌کاملا خانگی از اول دست‌خودمون بوده استثنایی بشرط درحد
موتور گیربکس بشرط کارشناس شما
موتور بدون ذره ای کم کردن اب یا روغن بدون ذره ای کمپرس بشرط سالم و نو 
گیربکس بدون تقه بدون متوجه شدن حالت تعویض دنده بشرط در دوحالت اوتومات و دستی
جلوبندی سالم،تمامی ادوات برقی و سنسورها و الارم ها سالم و فعال بدون مشکل بشرط
تمام مصرفی ها اعم از لنت روغن موتور روغن گیربکس باطری تسمه دینام همگی کاملا نو شده 
تودری ها داشبورد همگی سالم و نو بدون ذره ای زدگی
عکس گویای همه چیزه بدون افکت کاملا واقعی
بشرط بدون ریالی خرج
سانروف سه حالته
گرمکن صندلی
لاستیک ۲۰۵خارجی با رینگ
مانیتور اندروید
چراغها هدلایت
بدنه بدون خطوخش و موج صاف یکدست
سرامیک ۳ساله خاک گریز و ابگریز
«««سقف ستون شاسی پلمپ»»»
چند تکه دور از رو ابرنگ خورده بعلت افتاب سوختگی
بیمه ۱۱ماه معاینه فنی تااخر امسال
روکش کفپوش سه بعدی شیشه دودی
ماشین خانگی هست دست خودمون بوده بدون ذره و ریالی خرج‌بشرط میدم 
اسب زین شده
فروش بعلت نیاز مالی
قیمت عالی میدم ب مصرف کننده واقعی پای معامله تخفیف میدم‌
سند پلاک اماده انتقال",۳۳۸۰۰۰,۱۳۸۷ - ۲۰۰۸,مشکی,مزدا 3 مونتاژ تیپ 3,۱۱ ماه,اتوماتیک,سالم و پلمپ,بنزین,"‏۱۰,۰۰۰ تومان",سالم,سالم و پلمپ,رنگ‌شدگی در ۳ ناحیه,,10000.0,338000.0,1387.0,2008.0
gapili8e,bmw 320i 2018,2026-09-15 18:09:00,شیراز,فرهنگ شهر,https://divar.ir/v/gapili8e,"bmw 320i
2018
60 تا کار
بدون رنگ
رزومه پرشیا خودرو 

✨ اتو عبدالهی حس خوب اعتماد ✨",۶۰۰۰۰,۲۰۱۸,طوسی,بی ام و سری 3 سدان 320i,,اتوماتیک,سالم و پلمپ,بنزین,"‏۱۰۰,۰۰۰ تومان",سالم,سالم و پلمپ,سالم و بی‌خط و خش,,100000.0,60000.0,1397.0,2018.0
gapKlGp1,پارس تیوفایو ۴۰۲,2026-09-15 18:00:00,شیراز,هفت تنان,https://divar.ir/v/gapKlGp1,پارس تیوفایو ۴۰۲بدون رنگ سر گلگیر جلو سمت شاگرد صافکاری شده بدون رنگ  گلگیر عقب هم صافکاری بدون رنگ  تو عکس مشخصه بیمه دو ماه,۹۰,۱۴۰۲ - ۲۰۲۳,سفید,پژو پارس LX TU5,۲ ماه,,,بنزین,"‏۱,۹۹۰,۰۰۰ تومان",تعیین‌نشده,تعیین‌نشده,صافکاری بی‌رنگ,,1990000.0,90.0,1402.0,2023.0
gapWFsck,فروش حواله سمند سورن پلاس,2026-09-15 18:00:00,شیراز,لاله,https://divar.ir/v/gapWFsck,فروش حواله سمند سورن پلاس واریزی 1725,۰,۱۴۰۵ - ۲۰۲۶,سفید,سمند سورن پلاس XU7P بنزینی,۱۲ ماه,,,بنزین,"‏۴۵,۰۰۰,۰۰۰ تومان",سالم,سالم و پلمپ,سالم و بی‌خط و خش,,45000000.0,0.0,1405.0,2026.0
